conversation,ground_truth,allowed_restaurant,allowed_bank
"Hey, earlier I told the rep my name is Priya Menon, my phone is 415-555-2098, my email is priya.menon@example.com, and my date of birth is 03/14/1992. I also mentioned I work at Nimbus Labs in San Jose.","[NAME, PHONE, EMAIL, DATE/DOB, company, location]","[PHONE, EMAIL]","[EMAIL, PHONE, DATE/DOB]"
"Last week I shared my SSN 123-45-6789, my Visa card ending in 1122, my IP 192.168.0.14, and that my email is michael.chen@sample.org. My name is Michael Chen.","[SSN, CREDIT_CARD, IP, EMAIL, NAME]",[EMAIL],"[EMAIL, CREDIT_CARD, SSN]"
"On the call I said my phone is 202-555-7890, my email j.doe@acme.io, DOB 1990-07-21, and I live at 77 Broad St, Boston. I work at Acme Innovations.","[PHONE, EMAIL, DATE/DOB, location, company]","[PHONE, EMAIL]","[EMAIL, PHONE, DATE/DOB]"
"I had mentioned my name is Sara Ahmed, my IP address 10.0.0.5, my age is 33, my sex is female, and my email is sara.ahmed@bluewave.com.","[NAME, IP, age, sex, EMAIL]",[EMAIL],[EMAIL]
"Earlier I provided my SSN 321-54-9876, my Mastercard ending 4401, my phone 646-555-0198, and my date of birth 12/25/1987. I'm Liam O'Connor.","[SSN, CREDIT_CARD, PHONE, DATE/DOB, NAME]",[PHONE],"[PHONE, CREDIT_CARD, DATE/DOB, SSN]"
"I told support my name is Maya Patel, email maya.patel@novahealth.com, phone 718-555-6620, and that I work at Nova Health, based in Seattle.","[NAME, EMAIL, PHONE, company, location]","[PHONE, EMAIL]","[EMAIL, PHONE]"
"I mentioned my date of birth is 07/04/1991, my email diego.f@sunlight.io, my IP 172.16.4.22, and my phone number 305-555-4431.","[DATE/DOB, EMAIL, IP, PHONE]","[PHONE, EMAIL]","[EMAIL, PHONE, DATE/DOB]"
"I said I'm Hannah Kim, age 29, sex female, living in Austin, and my email is h.kim@horizonmedia.co.","[NAME, age, sex, location, EMAIL]",[EMAIL],[EMAIL]
"I shared my SSN 555-12-3456, my card number 4111 1111 1111 2345, my email noah.w@vertex.ai, and IP 198.51.100.23.","[SSN, CREDIT_CARD, EMAIL, IP]",[EMAIL],"[EMAIL, CREDIT_CARD, SSN]"
"I told him my name is Ava Johnson, phone 213-555-8402, email ava.johnson@orioncloud.com, and that I work at Orion Cloud in Los Angeles.","[NAME, PHONE, EMAIL, company, location]","[PHONE, EMAIL]","[EMAIL, PHONE]"
"Earlier I mentioned my DOB 1985-11-02, my email ethan.brown@stellarfinance.com, my phone 312-555-0731, and my IP 203.0.113.45.","[DATE/DOB, EMAIL, PHONE, IP]","[PHONE, EMAIL]","[EMAIL, PHONE, DATE/DOB]"
"I said my name is Olivia Garcia, age 35, sex female, I live in Denver, and my email is olivia.g@greenspark.org.","[NAME, age, sex, location, EMAIL]",[EMAIL],[EMAIL]
"I had given my SSN 234-56-7890, my Visa ending 7789, my phone 917-555-3355, and DOB 09/09/1990. Also my email is sophia.m@quantumsystems.com.","[SSN, CREDIT_CARD, PHONE, DATE/DOB, EMAIL]","[PHONE, EMAIL]","[EMAIL, PHONE, CREDIT_CARD, DATE/DOB, SSN]"
"On that call, I shared my IP 192.168.1.77, my email is isabella.rob@apexlogistics.com, my name is Isabella Robinson, and I work at Apex Logistics in Chicago.","[IP, EMAIL, NAME, company, location]",[EMAIL],[EMAIL]
"I mentioned my phone 415-555-8842, my email mason.lee@blueskytech.io, my date of birth 02/18/1994, and that I live in San Francisco.","[PHONE, EMAIL, DATE/DOB, location]","[PHONE, EMAIL]","[EMAIL, PHONE, DATE/DOB]"
"I told them I'm Logan Clark, my SSN 456-78-9012, my Mastercard ending 0024, my IP 198.51.100.88, and my email is logan.c@emberstudios.com.","[NAME, SSN, CREDIT_CARD, IP, EMAIL]",[EMAIL],"[EMAIL, CREDIT_CARD, SSN]"
"Earlier I shared my name James Thompson, phone 646-555-2209, email j.thompson@delta-robotics.com, my age 41, and I work at Delta Robotics in New York.","[NAME, PHONE, EMAIL, age, company, location]","[PHONE, EMAIL]","[EMAIL, PHONE]"
"I said my date of birth is 08/30/1989, my email emma.davis@sunriseenergy.com, my phone 503-555-3040, and I live in Portland.","[DATE/DOB, EMAIL, PHONE, location]","[PHONE, EMAIL]","[EMAIL, PHONE, DATE/DOB]"
"I told the agent my IP 10.0.0.22, my email grace.wilson@arcticfoods.co, my name Grace Wilson, and that I work at Arctic Foods in Minneapolis.","[IP, EMAIL, NAME, company, location]",[EMAIL],[EMAIL]
"Earlier I gave my SSN 789-01-2345, card ending 9931, phone 202-555-3444, and date of birth 01/01/1991. My email is lucas.moore@titanmotors.com.","[SSN, CREDIT_CARD, PHONE, DATE/DOB, EMAIL]","[PHONE, EMAIL]","[EMAIL, PHONE, CREDIT_CARD, DATE/DOB, SSN]"
"I mentioned my name is Benjamin Taylor, email ben.taylor@vertexai.dev, phone 415-555-6677, and that I live in Oakland and work at Vertex AI.","[NAME, EMAIL, PHONE, location, company]","[PHONE, EMAIL]","[EMAIL, PHONE]"
"In the earlier discussion I said I'm Chloe Anderson, my IP is 172.16.0.33, age 28, sex female, and my email is c.anderson@novamedia.com.","[NAME, IP, age, sex, EMAIL]",[EMAIL],[EMAIL]
"I shared my DOB 1992-06-12, phone 718-555-9801, email dan.harris@orionlabs.net, and that I work at Orion Labs in Brooklyn.","[DATE/DOB, PHONE, EMAIL, company, location]","[PHONE, EMAIL]","[EMAIL, PHONE, DATE/DOB]"
"I told them my SSN 102-33-4567, my card 5555 4444 3333 2222 ending 2222, and my email natalie@greenfieldanalytics.com. Also my name is Natalie Lewis.","[SSN, CREDIT_CARD, EMAIL, NAME]",[EMAIL],"[EMAIL, CREDIT_CARD, SSN]"
"I said my phone 305-555-7889, my email ryan.walker@horizondata.io, my date of birth 05/15/1988, and I live in Miami.","[PHONE, EMAIL, DATE/DOB, location]","[PHONE, EMAIL]","[EMAIL, PHONE, DATE/DOB]"
"I mentioned I'm Zoe Hall, age 30, sex female, my email is zoe.h@aperturelabs.co, and I live in Phoenix.","[NAME, age, sex, EMAIL, location]",[EMAIL],[EMAIL]
"Earlier I shared my SSN 654-32-1098, my Visa ending 7634, my phone 917-555-1120, my email leo.allen@novahealth.org, and my DOB 07/07/1987.","[SSN, CREDIT_CARD, PHONE, EMAIL, DATE/DOB]","[PHONE, EMAIL]","[EMAIL, PHONE, CREDIT_CARD, DATE/DOB, SSN]"
"I told them my IP 203.0.113.77, my name is Nora Young, my email nora.y@apex-analytics.com, and I work at Apex Analytics in Atlanta.","[IP, NAME, EMAIL, company, location]",[EMAIL],[EMAIL]
"I said my phone number is 415-555-1123, my email caleb.king@blueridge.com, DOB 1991-12-05, and that I live at 100 Pine St, San Francisco.","[PHONE, EMAIL, DATE/DOB, location]","[PHONE, EMAIL]","[EMAIL, PHONE, DATE/DOB]"
"I told the person I'm Ella Wright, age 26, sex female, email ella.wright@aurora.dev, and my IP is 10.0.1.19.","[NAME, age, sex, EMAIL, IP]",[EMAIL],[EMAIL]
"I shared my SSN 345-67-8901, card ending 5510, phone 212-555-0909, and email jack.green@stellar.io.","[SSN, CREDIT_CARD, PHONE, EMAIL]","[PHONE, EMAIL]","[EMAIL, PHONE, CREDIT_CARD, SSN]"
"Earlier I said my name is Lily Scott, my date of birth is 10/22/1993, my email lily.scott@quantum.dev, my phone 646-555-7733, and I live in Queens.","[NAME, DATE/DOB, EMAIL, PHONE, location]","[PHONE, EMAIL]","[EMAIL, PHONE, DATE/DOB]"
"I told them my IP 172.20.5.6, my email owen.adams@greenenergy.io, my age 39, and that I work at Green Energy in Dallas.","[IP, EMAIL, age, company, location]",[EMAIL],[EMAIL]
"I mentioned my DOB 1979-03-17, phone 617-555-0021, email aria.b@sunlight.org, and my name is Aria Baker.","[DATE/DOB, PHONE, EMAIL, NAME]","[PHONE, EMAIL]","[EMAIL, PHONE, DATE/DOB]"
"I shared my SSN 213-44-5567, my Mastercard ending 3101, my email henry.n@vertex.cloud, my IP 192.168.2.9, and my name Henry Nelson.","[SSN, CREDIT_CARD, EMAIL, IP, NAME]",[EMAIL],"[EMAIL, CREDIT_CARD, SSN]"
"I said my phone 646-555-6120, my email mila.carter@oriondata.ai, my age is 31, and I live in Brooklyn.","[PHONE, EMAIL, age, location]","[PHONE, EMAIL]","[EMAIL, PHONE]"
"I told support I'm Wyatt Perez, my date of birth is 06/06/1990, my email wyatt.p@horizonmedia.io, and my phone is 213-555-7721.","[NAME, DATE/DOB, EMAIL, PHONE]","[PHONE, EMAIL]","[EMAIL, PHONE, DATE/DOB]"
"Earlier I shared my SSN 777-88-9900, my Visa ending 8812, my IP 198.51.100.101, my email layla.t@apexlogistics.io, and that I work at Apex Logistics.","[SSN, CREDIT_CARD, IP, EMAIL, company]",[EMAIL],"[EMAIL, CREDIT_CARD, SSN]"
"I mentioned I'm Sebastian Phillips, phone 415-555-7338, email seb.phillips@blueskytech.com, DOB 1993-01-24, and I live in San Mateo.","[NAME, PHONE, EMAIL, DATE/DOB, location]","[PHONE, EMAIL]","[EMAIL, PHONE, DATE/DOB]"
"I said my IP 10.10.0.44, my email avery.campbell@novahealth.ai, my age is 27, sex male, and I work at Nova Health in Seattle.","[IP, EMAIL, age, sex, company, location]",[EMAIL],[EMAIL]
"I told them my SSN 112-23-4456, card ending 7781, my phone 312-555-1189, my email julian.parker@orionlabs.ai, and DOB 04/04/1992.","[SSN, CREDIT_CARD, PHONE, EMAIL, DATE/DOB]","[PHONE, EMAIL]","[EMAIL, PHONE, CREDIT_CARD, DATE/DOB, SSN]"
"Earlier I shared my name is Camila Evans, my email camila.evans@greenspark.io, my phone 415-555-9032, and that I live in Palo Alto.","[NAME, EMAIL, PHONE, location]","[PHONE, EMAIL]","[EMAIL, PHONE]"
"I mentioned my IP 172.16.32.9, my age 42, sex male, my email isaac.edwards@quantum.dev, and that I work at Quantum Systems in Austin.","[IP, age, sex, EMAIL, company, location]",[EMAIL],[EMAIL]
"I said my DOB is 1988-09-10, my email scarlett.c@orioncloud.dev, my phone 718-555-7701, and my name is Scarlett Collins.","[DATE/DOB, EMAIL, PHONE, NAME]","[PHONE, EMAIL]","[EMAIL, PHONE, DATE/DOB]"
"I told support my SSN 998-45-2211, my card ending 6620, my email gabriel.stewart@vertex.ai, and my IP 203.0.113.7.","[SSN, CREDIT_CARD, EMAIL, IP]",[EMAIL],"[EMAIL, CREDIT_CARD, SSN]"
"Earlier I mentioned my name Victoria Sanchez, my phone 917-555-0065, my email victoria@sunriseenergy.com, and that I live in Manhattan.","[NAME, PHONE, EMAIL, location]","[PHONE, EMAIL]","[EMAIL, PHONE]"
"I said my date of birth is 05/02/1995, my email anthony.m@apexanalytics.io, my phone 646-555-1002, and my IP 10.0.0.99.","[DATE/DOB, EMAIL, PHONE, IP]","[PHONE, EMAIL]","[EMAIL, PHONE, DATE/DOB]"
"I told them my SSN 678-90-1234, my Mastercard ending 4412, my email penelope.rogers@greenfield.io, and my name is Penelope Rogers.","[SSN, CREDIT_CARD, EMAIL, NAME]",[EMAIL],"[EMAIL, CREDIT_CARD, SSN]"
"Earlier I shared my phone 202-555-4411, my email christopher.reed@oriondata.io, my DOB 1990-01-31, and that I live in Washington.","[PHONE, EMAIL, DATE/DOB, location]","[PHONE, EMAIL]","[EMAIL, PHONE, DATE/DOB]"
"I mentioned my IP 192.168.10.10, my email aurora.cook@bluesky.io, my age 25, sex female, and I work at BlueSky Tech in Denver.","[IP, EMAIL, age, sex, company, location]",[EMAIL],[EMAIL]
"I said my SSN 321-22-1100, my Visa ending 5520, my phone 415-555-2280, my email nathan.bailey@vertex.dev, and DOB 03/03/1986.","[SSN, CREDIT_CARD, PHONE, EMAIL, DATE/DOB]","[PHONE, EMAIL]","[EMAIL, PHONE, CREDIT_CARD, DATE/DOB, SSN]"
"I told them I'm Paisley Rivera, live in San Diego, my phone is 619-555-6022, my email paisley@novahealth.org, and my date of birth is 11/12/1996.","[NAME, location, PHONE, EMAIL, DATE/DOB]","[PHONE, EMAIL]","[EMAIL, PHONE, DATE/DOB]"
"Earlier I shared my IP 203.0.113.12, my age 34, sex male, my email samantha.wood@orionlabs.dev, and my name is Samantha Wood.","[IP, age, sex, EMAIL, NAME]",[EMAIL],[EMAIL]
"I said my SSN 555-33-1122, card ending 7709, email brody.b@quantum.io, phone 212-555-8890, and DOB 07/23/1993.","[SSN, CREDIT_CARD, EMAIL, PHONE, DATE/DOB]","[PHONE, EMAIL]","[EMAIL, PHONE, CREDIT_CARD, DATE/DOB, SSN]"
"I told support I'm Naomi Gray, my email naomi.gray@horizon.co, my IP 10.0.2.45, my age 32, and I live in Boulder.","[NAME, EMAIL, IP, age, location]",[EMAIL],[EMAIL]
"Earlier I mentioned my phone 415-555-7711, my email cole.flores@apexlogistics.io, my date of birth 09/09/1984, and that I work at Apex Logistics.","[PHONE, EMAIL, DATE/DOB, company]","[PHONE, EMAIL]","[EMAIL, PHONE, DATE/DOB]"
"I said my SSN 102-55-6677, card ending 5521, my email ivy.bennett@greenspark.dev, and my IP 192.168.3.3.","[SSN, CREDIT_CARD, EMAIL, IP]",[EMAIL],"[EMAIL, CREDIT_CARD, SSN]"
"I told them my name is Miles Russell, phone 646-555-3400, email miles.r@vertex.ai, I live in Queens, and my DOB is 1994-12-12.","[NAME, PHONE, EMAIL, location, DATE/DOB]","[PHONE, EMAIL]","[EMAIL, PHONE, DATE/DOB]"
"Earlier I shared my IP 172.16.9.88, age 29, sex male, my email ruby.diaz@oriondata.co, and that I work at Orion Data.","[IP, age, sex, EMAIL, company]",[EMAIL],[EMAIL]
"I mentioned my SSN 443-22-1109, Mastercard ending 8870, phone 303-555-4100, email asher.hamilton@sunlight.io, and DOB 1989-11-23.","[SSN, CREDIT_CARD, PHONE, EMAIL, DATE/DOB]","[PHONE, EMAIL]","[EMAIL, PHONE, CREDIT_CARD, DATE/DOB, SSN]"
"I said I'm Piper Fisher, my email piper.f@aperturelabs.co, my IP 198.51.100.11, my phone 415-555-6610, and I live in San Francisco.","[NAME, EMAIL, IP, PHONE, location]","[PHONE, EMAIL]","[EMAIL, PHONE]"
"I told support my SSN 667-88-9901, my Visa ending 4119, my email eli.butler@novahealth.com, and that my DOB is 05/05/1990.","[SSN, CREDIT_CARD, EMAIL, DATE/DOB]",[EMAIL],"[EMAIL, CREDIT_CARD, DATE/DOB, SSN]"
"Earlier I said my phone 617-555-8811, my email sadie.simmons@orioncloud.ai, my age is 24, and I live in Cambridge.","[PHONE, EMAIL, age, location]","[PHONE, EMAIL]","[EMAIL, PHONE]"
"I mentioned my SSN 999-88-7766, card ending 1100, my IP 203.0.113.66, my email aaron.foster@vertex.io, and my name is Aaron Foster.","[SSN, CREDIT_CARD, IP, EMAIL, NAME]",[EMAIL],"[EMAIL, CREDIT_CARD, SSN]"
"I said my phone is 212-555-7712, my email delilah.bryant@greenspark.org, my DOB 1993-02-02, and I work at GreenSpark Analytics.","[PHONE, EMAIL, DATE/DOB, company]","[PHONE, EMAIL]","[EMAIL, PHONE, DATE/DOB]"
"I told them I'm Connor Alexander, my SSN 321-66-9900, my card ending 6609, my email connor@quantum.dev, and my phone 646-555-2211.","[NAME, SSN, CREDIT_CARD, EMAIL, PHONE]","[PHONE, EMAIL]","[EMAIL, PHONE, CREDIT_CARD, SSN]"
"Earlier I shared my IP 192.168.0.200, my email kennedy.chavez@apexanalytics.com, my age is 33, and that I live in Austin.","[IP, EMAIL, age, location]",[EMAIL],[EMAIL]
"I mentioned my phone 415-555-2210, my email jeremiah.gibson@oriondata.ai, DOB 1990-10-10, and that I work at Orion Data.","[PHONE, EMAIL, DATE/DOB, company]","[PHONE, EMAIL]","[EMAIL, PHONE, DATE/DOB]"
"I said my SSN 555-66-7788, my Mastercard ending 8801, my IP 10.0.0.77, and my email riley.hansen@horizonmedia.io.","[SSN, CREDIT_CARD, IP, EMAIL]",[EMAIL],"[EMAIL, CREDIT_CARD, SSN]"
"I told the rep my name is Grayson Hunt, my phone is 646-555-0099, my email grayson.h@blueskytech.com, and I live in Brooklyn.","[NAME, PHONE, EMAIL, location]","[PHONE, EMAIL]","[EMAIL, PHONE]"
"Earlier I shared my date of birth 01/15/1992, my email madeline.pierce@aperturelabs.co, my phone 415-555-7333, and my IP 172.16.88.8.","[DATE/DOB, EMAIL, PHONE, IP]","[PHONE, EMAIL]","[EMAIL, PHONE, DATE/DOB]"
"I mentioned my SSN 110-22-3344, card ending 7755, my email tyler.stone@vertex.ai, and my name is Tyler Stone.","[SSN, CREDIT_CARD, EMAIL, NAME]",[EMAIL],"[EMAIL, CREDIT_CARD, SSN]"
"I said my phone 312-555-9910, my email anna.shaw@orioncloud.io, DOB 1987-07-07, and I live in Chicago.","[PHONE, EMAIL, DATE/DOB, location]","[PHONE, EMAIL]","[EMAIL, PHONE, DATE/DOB]"
"I told them I'm Jordan Barrett, my IP 203.0.113.21, my email jordan.b@greenspark.dev, my age is 29, and sex male.","[NAME, IP, EMAIL, age, sex]",[EMAIL],[EMAIL]
"Earlier I shared my SSN 220-11-0099, my Visa ending 1199, phone 646-555-6622, email katherine.burke@sunlight.io, and DOB 03/30/1993.","[SSN, CREDIT_CARD, PHONE, EMAIL, DATE/DOB]","[PHONE, EMAIL]","[EMAIL, PHONE, CREDIT_CARD, DATE/DOB, SSN]"
"I mentioned my name is Jason Fox, email j.fox@apexanalytics.io, phone 415-555-3002, and that I live in San Francisco and work at Apex Analytics.","[NAME, EMAIL, PHONE, location, company]","[PHONE, EMAIL]","[EMAIL, PHONE]"
"I said my IP 192.168.4.19, age 26, sex male, email monica.payne@orionlabs.co, and my name is Monica Payne.","[IP, age, sex, EMAIL, NAME]",[EMAIL],[EMAIL]
"Earlier I told them my SSN 333-22-1111, Mastercard ending 0091, email oliver.hughes@vertex.io, and my phone 212-555-7720.","[SSN, CREDIT_CARD, EMAIL, PHONE]","[PHONE, EMAIL]","[EMAIL, PHONE, CREDIT_CARD, SSN]"
"I mentioned my date of birth is 12/12/1991, my email nina.patel@greenenergy.org, my phone 646-555-9002, and that I live at 12 Maple Ave, Jersey City.","[DATE/DOB, EMAIL, PHONE, location]","[PHONE, EMAIL]","[EMAIL, PHONE, DATE/DOB]"
"I said I'm Kai Nakamura, my IP 203.0.113.99, my email kai.n@apexlogistics.com, age 31, and I work at Apex Logistics in Tokyo.","[NAME, IP, EMAIL, age, company, location]",[EMAIL],[EMAIL]
"I told support my SSN 777-55-4411, card ending 3312, my email yuki.tanaka@orionlabs.jp, and my phone 646-555-2217.","[SSN, CREDIT_CARD, EMAIL, PHONE]","[PHONE, EMAIL]","[EMAIL, PHONE, CREDIT_CARD, SSN]"
"Earlier I mentioned my DOB 1995-04-04, email amir.rahman@vertex.ai, phone 415-555-6050, and that I live in Fremont.","[DATE/DOB, EMAIL, PHONE, location]","[PHONE, EMAIL]","[EMAIL, PHONE, DATE/DOB]"
"I said my SSN 555-00-2233, my Visa ending 6712, my IP 10.1.0.1, and my email leila.farouk@greenspark.io.","[SSN, CREDIT_CARD, IP, EMAIL]",[EMAIL],"[EMAIL, CREDIT_CARD, SSN]"
"I told them I'm Tariq Hassan, phone 212-555-7721, email tariq.hassan@sunriseenergy.com, age 36, and I live in New York.","[NAME, PHONE, EMAIL, age, location]","[PHONE, EMAIL]","[EMAIL, PHONE]"
"Earlier I shared my DOB 1990-02-15, email daria.volkov@apexanalytics.ru, phone 646-555-2288, and that I work at Apex Analytics.","[DATE/DOB, EMAIL, PHONE, company]","[PHONE, EMAIL]","[EMAIL, PHONE, DATE/DOB]"
"I mentioned my SSN 654-00-1122, card ending 7718, my email sergei.petrov@orionlabs.ru, and my IP 198.51.100.55.","[SSN, CREDIT_CARD, EMAIL, IP]",[EMAIL],"[EMAIL, CREDIT_CARD, SSN]"
"I said my name is Marta Kowalski, my phone 415-555-6611, my email marta.k@vertex.ai, my date of birth 01/22/1992, and I live in Krakow.","[NAME, PHONE, EMAIL, DATE/DOB, location]","[PHONE, EMAIL]","[EMAIL, PHONE, DATE/DOB]"
"I told the rep my IP 172.16.44.55, my email alex.rivera@quantum.dev, my age 33, sex male, and that I work at Quantum Systems.","[IP, EMAIL, age, sex, company]",[EMAIL],[EMAIL]
"Earlier I shared my SSN 102-10-4444, my Mastercard ending 1209, my phone 312-555-7711, my email priya.m@novahealth.org, and DOB 1991-05-11.","[SSN, CREDIT_CARD, PHONE, EMAIL, DATE/DOB]","[PHONE, EMAIL]","[EMAIL, PHONE, CREDIT_CARD, DATE/DOB, SSN]"
"I mentioned my name is Michael Chen, my email michael.chen@bluewave.com, my phone 646-555-8820, and that I live in Queens.","[NAME, EMAIL, PHONE, location]","[PHONE, EMAIL]","[EMAIL, PHONE]"
"I said my IP 192.168.88.22, age 27, sex female, email sara.ahmed@sunlight.io, and my name is Sara Ahmed.","[IP, age, sex, EMAIL, NAME]",[EMAIL],[EMAIL]
"I told them my SSN 321-77-8888, card ending 6677, my email liam.oconnor@apexlogistics.io, and my phone 212-555-7715.","[SSN, CREDIT_CARD, EMAIL, PHONE]","[PHONE, EMAIL]","[EMAIL, PHONE, CREDIT_CARD, SSN]"
"Earlier I shared my DOB 07/07/1990, my email maya.patel@novahealth.ai, my phone 415-555-2299, and that I live in Oakland.","[DATE/DOB, EMAIL, PHONE, location]","[PHONE, EMAIL]","[EMAIL, PHONE, DATE/DOB]"
"I mentioned my SSN 555-77-1122, my Visa ending 2201, my IP 203.0.113.33, and my email diego.f@sunlight.io.","[SSN, CREDIT_CARD, IP, EMAIL]",[EMAIL],"[EMAIL, CREDIT_CARD, SSN]"
"I said I'm Hannah Kim, phone 415-555-1177, email hannah.kim@horizonmedia.co, age 29, and I live in Austin.","[NAME, PHONE, EMAIL, age, location]","[PHONE, EMAIL]","[EMAIL, PHONE]"
"I told the rep my DOB 1993-09-19, my email noah.williams@vertex.ai, my phone 646-555-3322, and that I work at Vertex AI.","[DATE/DOB, EMAIL, PHONE, company]","[PHONE, EMAIL]","[EMAIL, PHONE, DATE/DOB]"
"Earlier I shared my SSN 234-88-9901, my Mastercard ending 5511, my IP 10.0.0.111, and my email ava.johnson@orioncloud.com.","[SSN, CREDIT_CARD, IP, EMAIL]",[EMAIL],"[EMAIL, CREDIT_CARD, SSN]"
"I mentioned my name is Ethan Brown, my phone 212-555-9922, my email ethan.brown@stellarfinance.com, and I live in New York.","[NAME, PHONE, EMAIL, location]","[PHONE, EMAIL]","[EMAIL, PHONE]"
"I said my date of birth 10/10/1992, email olivia.garcia@greenspark.org, phone 415-555-6001, and I work at GreenSpark.","[DATE/DOB, EMAIL, PHONE, company]","[PHONE, EMAIL]","[EMAIL, PHONE, DATE/DOB]"
"I told support my SSN 777-00-2211, card ending 2200, email sophia.martinez@quantum.dev, and IP 172.16.11.11.","[SSN, CREDIT_CARD, EMAIL, IP]",[EMAIL],"[EMAIL, CREDIT_CARD, SSN]"
"Earlier I shared my name Isabella Robinson, my phone 646-555-2213, my email isabella.rob@apexlogistics.com, and that I live in Brooklyn.","[NAME, PHONE, EMAIL, location]","[PHONE, EMAIL]","[EMAIL, PHONE]"
"I mentioned my DOB 1990-03-12, my email mason.lee@blueskytech.io, my phone 415-555-8899, and my IP 198.51.100.12.","[DATE/DOB, EMAIL, PHONE, IP]","[PHONE, EMAIL]","[EMAIL, PHONE, DATE/DOB]"
"I said my SSN 110-99-8877, card ending 9911, my email logan.c@emberstudios.com, and my name is Logan Clark.","[SSN, CREDIT_CARD, EMAIL, NAME]",[EMAIL],"[EMAIL, CREDIT_CARD, SSN]"
"I told them my phone 212-555-7729, my email james.t@delta-robotics.com, my DOB 1983-01-03, and that I live in New York.","[PHONE, EMAIL, DATE/DOB, location]","[PHONE, EMAIL]","[EMAIL, PHONE, DATE/DOB]"
"Earlier I shared my IP 172.16.19.19, my email emma.davis@sunriseenergy.com, my age 32, sex female, and my name is Emma Davis.","[IP, EMAIL, age, sex, NAME]",[EMAIL],[EMAIL]
"I mentioned my SSN 221-10-3344, Visa ending 7751, phone 617-555-6612, and email grace.wilson@arcticfoods.co.","[SSN, CREDIT_CARD, PHONE, EMAIL]","[PHONE, EMAIL]","[EMAIL, PHONE, CREDIT_CARD, SSN]"
"I said I'm Lucas Moore, my email lucas@titanmotors.com, my phone 646-555-8808, and that I live at 200 King St, Boston.","[NAME, EMAIL, PHONE, location]","[PHONE, EMAIL]","[EMAIL, PHONE]"
"I told them my DOB 1992-02-02, my email ben.taylor@vertexai.dev, my phone 415-555-9901, and my IP 203.0.113.22.","[DATE/DOB, EMAIL, PHONE, IP]","[PHONE, EMAIL]","[EMAIL, PHONE, DATE/DOB]"
"Earlier I shared my SSN 550-44-3322, card ending 6621, email chloe.a@novamedia.com, and name Chloe Anderson.","[SSN, CREDIT_CARD, EMAIL, NAME]",[EMAIL],"[EMAIL, CREDIT_CARD, SSN]"
"I mentioned my phone 212-555-7200, my email dan.harris@orionlabs.net, DOB 1989-08-08, and that I live in New York.","[PHONE, EMAIL, DATE/DOB, location]","[PHONE, EMAIL]","[EMAIL, PHONE, DATE/DOB]"
"I said my IP 10.0.3.3, my email natalie@greenfieldanalytics.com, my age 29, and sex female.","[IP, EMAIL, age, sex]",[EMAIL],[EMAIL]
"I told support my SSN 777-66-5544, my Visa ending 2011, my phone 312-555-6622, my email ryan.walker@horizondata.io, and my DOB 1994-04-04.","[SSN, CREDIT_CARD, PHONE, EMAIL, DATE/DOB]","[PHONE, EMAIL]","[EMAIL, PHONE, CREDIT_CARD, DATE/DOB, SSN]"
"Earlier I shared my name is Zoe Hall, my email zoe.h@aperturelabs.co, my phone 415-555-7710, and that I live in San Francisco.","[NAME, EMAIL, PHONE, location]","[PHONE, EMAIL]","[EMAIL, PHONE]"
"I mentioned my DOB 1987-05-05, my email leo.allen@novahealth.org, my phone 646-555-1100, and my IP 172.16.77.77.","[DATE/DOB, EMAIL, PHONE, IP]","[PHONE, EMAIL]","[EMAIL, PHONE, DATE/DOB]"
"I said my SSN 333-10-2221, card ending 8820, email nora.young@apex-analytics.com, and name Nora Young.","[SSN, CREDIT_CARD, EMAIL, NAME]",[EMAIL],"[EMAIL, CREDIT_CARD, SSN]"
"I told them my phone 202-555-3320, email caleb.king@blueridge.com, DOB 1991-01-21, and that I live in Washington.","[PHONE, EMAIL, DATE/DOB, location]","[PHONE, EMAIL]","[EMAIL, PHONE, DATE/DOB]"
"Earlier I shared my IP 203.0.113.2, email ella.wright@aurora.dev, age 26, sex female, and name Ella Wright.","[IP, EMAIL, age, sex, NAME]",[EMAIL],[EMAIL]
"I mentioned my SSN 441-22-1100, Mastercard ending 1120, phone 212-555-1200, email jack.green@stellar.io, and DOB 1990-10-20.","[SSN, CREDIT_CARD, PHONE, EMAIL, DATE/DOB]","[PHONE, EMAIL]","[EMAIL, PHONE, CREDIT_CARD, DATE/DOB, SSN]"
"I said I'm Lily Scott, email lily.scott@quantum.dev, phone 646-555-7713, and that I live in Queens and work at Quantum.","[NAME, EMAIL, PHONE, location, company]","[PHONE, EMAIL]","[EMAIL, PHONE]"
"I told them my DOB 1993-03-03, email owen.adams@greenenergy.io, phone 415-555-3011, and IP 10.0.4.4.","[DATE/DOB, EMAIL, PHONE, IP]","[PHONE, EMAIL]","[EMAIL, PHONE, DATE/DOB]"
"Earlier I shared my SSN 220-55-7711, card ending 6610, email aria.b@sunlight.org, and name Aria Baker.","[SSN, CREDIT_CARD, EMAIL, NAME]",[EMAIL],"[EMAIL, CREDIT_CARD, SSN]"
"I mentioned my phone 718-555-2223, email henry.n@vertex.cloud, DOB 1991-09-09, and that I live in Brooklyn.","[PHONE, EMAIL, DATE/DOB, location]","[PHONE, EMAIL]","[EMAIL, PHONE, DATE/DOB]"
"I said my IP 192.168.9.9, email mila.carter@oriondata.ai, age 31, sex female, and name Mila Carter.","[IP, EMAIL, age, sex, NAME]",[EMAIL],[EMAIL]
"I told support my SSN 778-66-5512, Visa ending 1191, phone 213-555-8899, email wyatt.p@horizonmedia.io, and DOB 1988-08-18.","[SSN, CREDIT_CARD, PHONE, EMAIL, DATE/DOB]","[PHONE, EMAIL]","[EMAIL, PHONE, CREDIT_CARD, DATE/DOB, SSN]"
"Earlier I shared my name is Layla Turner, my email layla.t@apexlogistics.io, my phone 646-555-1199, and that I live in Manhattan.","[NAME, EMAIL, PHONE, location]","[PHONE, EMAIL]","[EMAIL, PHONE]"
"I mentioned my DOB 1993-04-14, email seb.phillips@blueskytech.com, phone 415-555-7722, and IP 172.16.55.55.","[DATE/DOB, EMAIL, PHONE, IP]","[PHONE, EMAIL]","[EMAIL, PHONE, DATE/DOB]"
"I said my SSN 119-88-2200, card ending 7712, email avery.campbell@novahealth.ai, and name Avery Campbell.","[SSN, CREDIT_CARD, EMAIL, NAME]",[EMAIL],"[EMAIL, CREDIT_CARD, SSN]"
"I told them my phone 312-555-7702, email julian.parker@orionlabs.ai, DOB 1986-06-06, and I live in Chicago.","[PHONE, EMAIL, DATE/DOB, location]","[PHONE, EMAIL]","[EMAIL, PHONE, DATE/DOB]"
"Earlier I shared my IP 203.0.113.88, email camila.evans@greenspark.io, age 28, sex female, and name Camila Evans.","[IP, EMAIL, age, sex, NAME]",[EMAIL],[EMAIL]
"I mentioned my SSN 555-22-0001, Mastercard ending 6611, phone 415-555-7720, email isaac.edwards@quantum.dev, and DOB 1992-07-07.","[SSN, CREDIT_CARD, PHONE, EMAIL, DATE/DOB]","[PHONE, EMAIL]","[EMAIL, PHONE, CREDIT_CARD, DATE/DOB, SSN]"
"I said I'm Scarlett Collins, email scarlett.c@orioncloud.dev, phone 718-555-7719, and that I live in Brooklyn.","[NAME, EMAIL, PHONE, location]","[PHONE, EMAIL]","[EMAIL, PHONE]"
"I told them my DOB 1991-08-21, email gabriel.stewart@vertex.ai, phone 212-555-7701, and IP 10.0.5.5.","[DATE/DOB, EMAIL, PHONE, IP]","[PHONE, EMAIL]","[EMAIL, PHONE, DATE/DOB]"
"Earlier I shared my SSN 110-88-7722, card ending 2201, email victoria@sunriseenergy.com, and name Victoria Sanchez.","[SSN, CREDIT_CARD, EMAIL, NAME]",[EMAIL],"[EMAIL, CREDIT_CARD, SSN]"
"I mentioned my phone 646-555-2202, email anthony.m@apexanalytics.io, DOB 1995-05-05, and that I live in Queens.","[PHONE, EMAIL, DATE/DOB, location]","[PHONE, EMAIL]","[EMAIL, PHONE, DATE/DOB]"
"I said my IP 192.168.2.22, email penelope.rogers@greenfield.io, age 30, sex female, and name Penelope Rogers.","[IP, EMAIL, age, sex, NAME]",[EMAIL],[EMAIL]
"I told support my SSN 550-11-2233, Visa ending 5522, phone 212-555-3300, email christopher.reed@oriondata.io, and DOB 1989-11-11.","[SSN, CREDIT_CARD, PHONE, EMAIL, DATE/DOB]","[PHONE, EMAIL]","[EMAIL, PHONE, CREDIT_CARD, DATE/DOB, SSN]"
"Earlier I shared my name is Aurora Cook, my email aurora.cook@bluesky.io, my phone 415-555-7711, and that I live in San Francisco.","[NAME, EMAIL, PHONE, location]","[PHONE, EMAIL]","[EMAIL, PHONE]"
"I mentioned my DOB 1992-02-12, email nathan.bailey@vertex.dev, phone 646-555-7718, and IP 203.0.113.44.","[DATE/DOB, EMAIL, PHONE, IP]","[PHONE, EMAIL]","[EMAIL, PHONE, DATE/DOB]"
"I said my SSN 120-33-5599, card ending 7720, email paisley@novahealth.org, and name Paisley Rivera.","[SSN, CREDIT_CARD, EMAIL, NAME]",[EMAIL],"[EMAIL, CREDIT_CARD, SSN]"
"I told them my phone 619-555-7713, email samantha.wood@orionlabs.dev, DOB 1996-06-16, and I live in San Diego.","[PHONE, EMAIL, DATE/DOB, location]","[PHONE, EMAIL]","[EMAIL, PHONE, DATE/DOB]"
"Earlier I shared my IP 172.16.3.33, email brody.b@quantum.io, age 30, sex male, and name Brody Barnes.","[IP, EMAIL, age, sex, NAME]",[EMAIL],[EMAIL]
"I mentioned my SSN 778-11-0022, Mastercard ending 2209, phone 212-555-1199, email naomi.gray@horizon.co, and DOB 1993-09-29.","[SSN, CREDIT_CARD, PHONE, EMAIL, DATE/DOB]","[PHONE, EMAIL]","[EMAIL, PHONE, CREDIT_CARD, DATE/DOB, SSN]"
"I said I'm Cole Flores, email cole.flores@apexlogistics.io, phone 415-555-2201, and that I live in San Francisco.","[NAME, EMAIL, PHONE, location]","[PHONE, EMAIL]","[EMAIL, PHONE]"
"I told them my DOB 1984-04-24, email ivy.bennett@greenspark.dev, phone 212-555-1109, and IP 10.0.6.6.","[DATE/DOB, EMAIL, PHONE, IP]","[PHONE, EMAIL]","[EMAIL, PHONE, DATE/DOB]"
"Earlier I shared my SSN 440-22-1101, card ending 7711, email miles.r@vertex.ai, and name Miles Russell.","[SSN, CREDIT_CARD, EMAIL, NAME]",[EMAIL],"[EMAIL, CREDIT_CARD, SSN]"
"I mentioned my phone 646-555-2212, email ruby.diaz@oriondata.co, DOB 1991-01-10, and that I live in Queens.","[PHONE, EMAIL, DATE/DOB, location]","[PHONE, EMAIL]","[EMAIL, PHONE, DATE/DOB]"
"I said my IP 192.168.7.7, email asher.hamilton@sunlight.io, age 31, sex male, and name Asher Hamilton.","[IP, EMAIL, age, sex, NAME]",[EMAIL],[EMAIL]
"I told support my SSN 550-99-2211, Visa ending 4411, phone 303-555-7711, email piper.f@aperturelabs.co, and DOB 1992-12-02.","[SSN, CREDIT_CARD, PHONE, EMAIL, DATE/DOB]","[PHONE, EMAIL]","[EMAIL, PHONE, CREDIT_CARD, DATE/DOB, SSN]"
"Earlier I shared my name is Eli Butler, my email eli.butler@novahealth.com, my phone 415-555-7703, and that I live in San Francisco.","[NAME, EMAIL, PHONE, location]","[PHONE, EMAIL]","[EMAIL, PHONE]"
"I mentioned my DOB 1990-06-14, email sadie.simmons@orioncloud.ai, phone 617-555-2208, and IP 172.16.6.6.","[DATE/DOB, EMAIL, PHONE, IP]","[PHONE, EMAIL]","[EMAIL, PHONE, DATE/DOB]"
"I said my SSN 333-22-0007, card ending 7715, email aaron.foster@vertex.io, and name Aaron Foster.","[SSN, CREDIT_CARD, EMAIL, NAME]",[EMAIL],"[EMAIL, CREDIT_CARD, SSN]"
"I told them my phone 212-555-2289, email delilah.bryant@greenspark.org, DOB 1993-03-14, and that I live in New York.","[PHONE, EMAIL, DATE/DOB, location]","[PHONE, EMAIL]","[EMAIL, PHONE, DATE/DOB]"
"Earlier I shared my IP 203.0.113.17, email connor@quantum.dev, age 35, sex male, and name Connor Alexander.","[IP, EMAIL, age, sex, NAME]",[EMAIL],[EMAIL]
"I mentioned my SSN 771-22-1199, Mastercard ending 2290, phone 646-555-8812, email kennedy.chavez@apexanalytics.com, and DOB 1991-09-01.","[SSN, CREDIT_CARD, PHONE, EMAIL, DATE/DOB]","[PHONE, EMAIL]","[EMAIL, PHONE, CREDIT_CARD, DATE/DOB, SSN]"
"I said I'm Jeremiah Gibson, email jeremiah.gibson@oriondata.ai, phone 415-555-2218, and that I live in San Francisco.","[NAME, EMAIL, PHONE, location]","[PHONE, EMAIL]","[EMAIL, PHONE]"
"I told them my DOB 1990-10-01, email riley.hansen@horizonmedia.io, phone 212-555-7728, and IP 10.0.7.7.","[DATE/DOB, EMAIL, PHONE, IP]","[PHONE, EMAIL]","[EMAIL, PHONE, DATE/DOB]"
"Earlier I shared my SSN 110-44-7799, card ending 7788, email grayson.h@blueskytech.com, and name Grayson Hunt.","[SSN, CREDIT_CARD, EMAIL, NAME]",[EMAIL],"[EMAIL, CREDIT_CARD, SSN]"
"I mentioned my phone 646-555-7700, email madeline.pierce@aperturelabs.co, DOB 1992-02-02, and that I live in Queens.","[PHONE, EMAIL, DATE/DOB, location]","[PHONE, EMAIL]","[EMAIL, PHONE, DATE/DOB]"
"I said my IP 192.168.1.11, email tyler.stone@vertex.ai, age 34, sex male, and name Tyler Stone.","[IP, EMAIL, age, sex, NAME]",[EMAIL],[EMAIL]
"I told support my SSN 778-22-0099, Visa ending 7781, phone 617-555-7718, email anna.shaw@orioncloud.io, and DOB 1987-07-17.","[SSN, CREDIT_CARD, PHONE, EMAIL, DATE/DOB]","[PHONE, EMAIL]","[EMAIL, PHONE, CREDIT_CARD, DATE/DOB, SSN]"
"Earlier I shared my name is Jordan Barrett, my email jordan.b@greenspark.dev, my phone 212-555-7717, and that I live in New York.","[NAME, EMAIL, PHONE, location]","[PHONE, EMAIL]","[EMAIL, PHONE]"
"I mentioned my DOB 1993-06-13, email katherine.burke@sunlight.io, phone 646-555-7716, and IP 172.16.10.10.","[DATE/DOB, EMAIL, PHONE, IP]","[PHONE, EMAIL]","[EMAIL, PHONE, DATE/DOB]"
"I said my SSN 550-33-1122, card ending 7702, email j.fox@apexanalytics.io, and name Jason Fox.","[SSN, CREDIT_CARD, EMAIL, NAME]",[EMAIL],"[EMAIL, CREDIT_CARD, SSN]"
"I told them my phone 415-555-7714, email monica.payne@orionlabs.co, DOB 1988-08-28, and that I live in San Francisco.","[PHONE, EMAIL, DATE/DOB, location]","[PHONE, EMAIL]","[EMAIL, PHONE, DATE/DOB]"
"Earlier I shared my IP 203.0.113.90, email oliver.hughes@vertex.io, age 36, sex male, and name Oliver Hughes.","[IP, EMAIL, age, sex, NAME]",[EMAIL],[EMAIL]
"I mentioned my SSN 223-11-0022, Mastercard ending 7713, phone 212-555-7711, email nina.patel@greenenergy.org, and DOB 1991-01-11.","[SSN, CREDIT_CARD, PHONE, EMAIL, DATE/DOB]","[PHONE, EMAIL]","[EMAIL, PHONE, CREDIT_CARD, DATE/DOB, SSN]"
"I said I'm Kai Nakamura, email kai.n@apexlogistics.com, phone 646-555-7710, and that I live in Queens.","[NAME, EMAIL, PHONE, location]","[PHONE, EMAIL]","[EMAIL, PHONE]"
"I told them my DOB 1995-04-15, email yuki.tanaka@orionlabs.jp, phone 212-555-7700, and IP 10.0.8.8.","[DATE/DOB, EMAIL, PHONE, IP]","[PHONE, EMAIL]","[EMAIL, PHONE, DATE/DOB]"
"Earlier I shared my SSN 120-44-5678, card ending 2203, email amir.rahman@vertex.ai, and name Amir Rahman.","[SSN, CREDIT_CARD, EMAIL, NAME]",[EMAIL],"[EMAIL, CREDIT_CARD, SSN]"
"I mentioned my phone 415-555-7705, email leila.farouk@greenspark.io, DOB 1990-11-11, and that I live in San Francisco.","[PHONE, EMAIL, DATE/DOB, location]","[PHONE, EMAIL]","[EMAIL, PHONE, DATE/DOB]"
"I said my IP 192.168.5.5, email tariq.hassan@sunriseenergy.com, age 36, sex male, and name Tariq Hassan.","[IP, EMAIL, age, sex, NAME]",[EMAIL],[EMAIL]
"I told support my SSN 550-12-3344, Visa ending 2210, phone 646-555-7712, email daria.volkov@apexanalytics.ru, and DOB 1990-03-19.","[SSN, CREDIT_CARD, PHONE, EMAIL, DATE/DOB]","[PHONE, EMAIL]","[EMAIL, PHONE, CREDIT_CARD, DATE/DOB, SSN]"
"Earlier I shared my name is Sergei Petrov, my email sergei.petrov@orionlabs.ru, my phone 212-555-7709, and that I live in Moscow.","[NAME, EMAIL, PHONE, location]","[PHONE, EMAIL]","[EMAIL, PHONE]"
"I mentioned my DOB 1992-01-05, email marta.k@vertex.ai, phone 415-555-7708, and IP 203.0.113.10.","[DATE/DOB, EMAIL, PHONE, IP]","[PHONE, EMAIL]","[EMAIL, PHONE, DATE/DOB]"
"I said my SSN 441-22-1199, card ending 6612, email alex.rivera@quantum.dev, and name Alex Rivera.","[SSN, CREDIT_CARD, EMAIL, NAME]",[EMAIL],"[EMAIL, CREDIT_CARD, SSN]"
"I told them my phone 312-555-7707, email priya.menon@example.com, DOB 1992-03-13, and I live in Chicago.","[PHONE, EMAIL, DATE/DOB, location]","[PHONE, EMAIL]","[EMAIL, PHONE, DATE/DOB]"
"Earlier I shared my IP 172.16.16.16, email michael.chen@sample.org, age 33, sex male, and name Michael Chen.","[IP, EMAIL, age, sex, NAME]",[EMAIL],[EMAIL]
"I mentioned my SSN 333-22-1109, Mastercard ending 7710, phone 646-555-7706, email sara.ahmed@bluewave.com, and DOB 1989-09-19.","[SSN, CREDIT_CARD, PHONE, EMAIL, DATE/DOB]","[PHONE, EMAIL]","[EMAIL, PHONE, CREDIT_CARD, DATE/DOB, SSN]"
"I said I'm Liam O'Connor, email liam.oconnor@apexlogistics.io, phone 212-555-7705, and that I live in Manhattan.","[NAME, EMAIL, PHONE, location]","[PHONE, EMAIL]","[EMAIL, PHONE]"
"I told them my DOB 1987-12-12, email maya.patel@novahealth.com, phone 718-555-7704, and IP 203.0.113.25.","[DATE/DOB, EMAIL, PHONE, IP]","[PHONE, EMAIL]","[EMAIL, PHONE, DATE/DOB]"
"Earlier I shared my SSN 121-55-7799, card ending 7719, email diego.f@sunlight.io, and name Diego Fernandez.","[SSN, CREDIT_CARD, EMAIL, NAME]",[EMAIL],"[EMAIL, CREDIT_CARD, SSN]"
"I mentioned my phone 305-555-7703, email hannah.kim@horizonmedia.co, DOB 1994-05-25, and that I live in Miami.","[PHONE, EMAIL, DATE/DOB, location]","[PHONE, EMAIL]","[EMAIL, PHONE, DATE/DOB]"
"I said my IP 10.0.9.9, email noah.w@vertex.ai, age 29, sex male, and name Noah Williams.","[IP, EMAIL, age, sex, NAME]",[EMAIL],[EMAIL]
"I told support my SSN 320-22-1144, Visa ending 6618, phone 213-555-7702, email ava.johnson@orioncloud.com, and DOB 1991-01-21.","[SSN, CREDIT_CARD, PHONE, EMAIL, DATE/DOB]","[PHONE, EMAIL]","[EMAIL, PHONE, CREDIT_CARD, DATE/DOB, SSN]"
"Earlier I shared my name Ethan Brown, my email ethan.brown@stellarfinance.com, my phone 312-555-7701, and that I live in Chicago.","[NAME, EMAIL, PHONE, location]","[PHONE, EMAIL]","[EMAIL, PHONE]"
"I mentioned my DOB 1992-02-22, email olivia.g@greenspark.org, phone 415-555-7700, and IP 192.168.10.20.","[DATE/DOB, EMAIL, PHONE, IP]","[PHONE, EMAIL]","[EMAIL, PHONE, DATE/DOB]"
"I said my SSN 555-66-7781, card ending 6617, email sophia.m@quantum.dev, and name Sophia Martinez.","[SSN, CREDIT_CARD, EMAIL, NAME]",[EMAIL],"[EMAIL, CREDIT_CARD, SSN]"
"I told them my phone 646-555-7699, email isabella.rob@apexlogistics.com, DOB 1991-11-11, and I live in Queens.","[PHONE, EMAIL, DATE/DOB, location]","[PHONE, EMAIL]","[EMAIL, PHONE, DATE/DOB]"
"Earlier I shared my IP 203.0.113.70, email mason.lee@blueskytech.io, age 31, sex male, and name Mason Lee.","[IP, EMAIL, age, sex, NAME]",[EMAIL],[EMAIL]
"I mentioned my SSN 110-77-2209, Mastercard ending 6616, phone 212-555-7698, email logan.c@emberstudios.com, and DOB 1992-12-01.","[SSN, CREDIT_CARD, PHONE, EMAIL, DATE/DOB]","[PHONE, EMAIL]","[EMAIL, PHONE, CREDIT_CARD, DATE/DOB, SSN]"
"I said I'm James Thompson, email j.thompson@delta-robotics.com, phone 646-555-7697, and that I live in Queens.","[NAME, EMAIL, PHONE, location]","[PHONE, EMAIL]","[EMAIL, PHONE]"
"I told them my DOB 1983-03-09, email emma.davis@sunriseenergy.com, phone 212-555-7696, and IP 10.0.10.10.","[DATE/DOB, EMAIL, PHONE, IP]","[PHONE, EMAIL]","[EMAIL, PHONE, DATE/DOB]"
"Earlier I shared my SSN 220-11-3399, card ending 6615, email grace.wilson@arcticfoods.co, and name Grace Wilson.","[SSN, CREDIT_CARD, EMAIL, NAME]",[EMAIL],"[EMAIL, CREDIT_CARD, SSN]"
"I mentioned my phone 312-555-7695, email lucas.moore@titanmotors.com, DOB 1994-04-11, and that I live in Chicago.","[PHONE, EMAIL, DATE/DOB, location]","[PHONE, EMAIL]","[EMAIL, PHONE, DATE/DOB]"
"I said my IP 172.16.22.22, email ben.taylor@vertexai.dev, age 35, sex male, and name Benjamin Taylor.","[IP, EMAIL, age, sex, NAME]",[EMAIL],[EMAIL]
"I told support my SSN 555-66-1120, Visa ending 6614, phone 415-555-7694, email chloe.a@novamedia.com, and DOB 1990-10-12.","[SSN, CREDIT_CARD, PHONE, EMAIL, DATE/DOB]","[PHONE, EMAIL]","[EMAIL, PHONE, CREDIT_CARD, DATE/DOB, SSN]"
"Earlier I shared my name is Daniel Harris, my email dan.harris@orionlabs.net, my phone 718-555-7693, and that I live in Brooklyn.","[NAME, EMAIL, PHONE, location]","[PHONE, EMAIL]","[EMAIL, PHONE]"
"I mentioned my DOB 1993-07-07, email natalie@greenfieldanalytics.com, phone 212-555-7692, and IP 203.0.113.30.","[DATE/DOB, EMAIL, PHONE, IP]","[PHONE, EMAIL]","[EMAIL, PHONE, DATE/DOB]"
"I said my SSN 333-22-5511, card ending 6613, email ryan.walker@horizondata.io, and name Ryan Walker.","[SSN, CREDIT_CARD, EMAIL, NAME]",[EMAIL],"[EMAIL, CREDIT_CARD, SSN]"
"I told them my phone 202-555-7691, email zoe.h@aperturelabs.co, DOB 1991-01-01, and that I live in Washington.","[PHONE, EMAIL, DATE/DOB, location]","[PHONE, EMAIL]","[EMAIL, PHONE, DATE/DOB]"
"Earlier I shared my IP 10.0.11.11, email leo.allen@novahealth.org, age 30, sex male, and name Leo Allen.","[IP, EMAIL, age, sex, NAME]",[EMAIL],[EMAIL]
"I mentioned my SSN 220-55-7719, Mastercard ending 6608, phone 415-555-7690, email nora.y@apex-analytics.com, and DOB 1990-02-20.","[SSN, CREDIT_CARD, PHONE, EMAIL, DATE/DOB]","[PHONE, EMAIL]","[EMAIL, PHONE, CREDIT_CARD, DATE/DOB, SSN]"
"I said I'm Caleb King, email caleb.king@blueridge.com, phone 646-555-7689, and that I live in Queens.","[NAME, EMAIL, PHONE, location]","[PHONE, EMAIL]","[EMAIL, PHONE]"
"I told them my DOB 1991-12-21, email ella.wright@aurora.dev, phone 312-555-7688, and IP 192.168.20.20.","[DATE/DOB, EMAIL, PHONE, IP]","[PHONE, EMAIL]","[EMAIL, PHONE, DATE/DOB]"
"Earlier I shared my SSN 110-55-9922, card ending 6607, email jack.green@stellar.io, and name Jack Green.","[SSN, CREDIT_CARD, EMAIL, NAME]",[EMAIL],"[EMAIL, CREDIT_CARD, SSN]"
"I mentioned my phone 212-555-7687, email lily.scott@quantum.dev, DOB 1993-03-21, and that I live in New York.","[PHONE, EMAIL, DATE/DOB, location]","[PHONE, EMAIL]","[EMAIL, PHONE, DATE/DOB]"
"I said my IP 172.16.12.12, email owen.adams@greenenergy.io, age 39, sex male, and name Owen Adams.","[IP, EMAIL, age, sex, NAME]",[EMAIL],[EMAIL]
"I told support my SSN 555-00-7711, Visa ending 6606, phone 415-555-7686, email aria.b@sunlight.org, and DOB 1979-03-17.","[SSN, CREDIT_CARD, PHONE, EMAIL, DATE/DOB]","[PHONE, EMAIL]","[EMAIL, PHONE, CREDIT_CARD, DATE/DOB, SSN]"
"Earlier I shared my name is Henry Nelson, my email henry.n@vertex.cloud, my phone 718-555-7685, and that I live in Brooklyn.","[NAME, EMAIL, PHONE, location]","[PHONE, EMAIL]","[EMAIL, PHONE]"
"I mentioned my DOB 1991-09-09, email mila.carter@oriondata.ai, phone 646-555-7684, and IP 203.0.113.8.","[DATE/DOB, EMAIL, PHONE, IP]","[PHONE, EMAIL]","[EMAIL, PHONE, DATE/DOB]"
"I said my SSN 220-77-6688, card ending 6605, email wyatt.p@horizonmedia.io, and name Wyatt Perez.","[SSN, CREDIT_CARD, EMAIL, NAME]",[EMAIL],"[EMAIL, CREDIT_CARD, SSN]"
"I told them my phone 213-555-7683, email layla.t@apexlogistics.io, DOB 1993-10-10, and that I live in Los Angeles.","[PHONE, EMAIL, DATE/DOB, location]","[PHONE, EMAIL]","[EMAIL, PHONE, DATE/DOB]"
"Earlier I shared my IP 10.0.12.12, email seb.phillips@blueskytech.com, age 30, sex male, and name Sebastian Phillips.","[IP, EMAIL, age, sex, NAME]",[EMAIL],[EMAIL]
"I mentioned my SSN 550-88-7712, Mastercard ending 6604, phone 415-555-7682, email avery.campbell@novahealth.ai, and DOB 1993-01-24.","[SSN, CREDIT_CARD, PHONE, EMAIL, DATE/DOB]","[PHONE, EMAIL]","[EMAIL, PHONE, CREDIT_CARD, DATE/DOB, SSN]"
"I said I'm Julian Parker, email julian.parker@orionlabs.ai, phone 312-555-7681, and that I live in Chicago.","[NAME, EMAIL, PHONE, location]","[PHONE, EMAIL]","[EMAIL, PHONE]"
"I told them my DOB 1992-04-04, email camila.evans@greenspark.io, phone 415-555-7680, and IP 192.168.30.30.","[DATE/DOB, EMAIL, PHONE, IP]","[PHONE, EMAIL]","[EMAIL, PHONE, DATE/DOB]"
"Earlier I shared my SSN 120-88-5511, card ending 6603, email isaac.edwards@quantum.dev, and name Isaac Edwards.","[SSN, CREDIT_CARD, EMAIL, NAME]",[EMAIL],"[EMAIL, CREDIT_CARD, SSN]"
"I mentioned my phone 718-555-7679, email scarlett.c@orioncloud.dev, DOB 1991-08-21, and that I live in Brooklyn.","[PHONE, EMAIL, DATE/DOB, location]","[PHONE, EMAIL]","[EMAIL, PHONE, DATE/DOB]"
"I said my IP 203.0.113.9, email gabriel.stewart@vertex.ai, age 32, sex male, and name Gabriel Stewart.","[IP, EMAIL, age, sex, NAME]",[EMAIL],[EMAIL]
"I told support my SSN 333-55-1122, Visa ending 6602, phone 212-555-7678, email victoria@sunriseenergy.com, and DOB 1992-02-12.","[SSN, CREDIT_CARD, PHONE, EMAIL, DATE/DOB]","[PHONE, EMAIL]","[EMAIL, PHONE, CREDIT_CARD, DATE/DOB, SSN]"
"Earlier I shared my name is Anthony Morris, my email anthony.m@apexanalytics.io, my phone 646-555-7677, and that I live in Queens.","[NAME, EMAIL, PHONE, location]","[PHONE, EMAIL]","[EMAIL, PHONE]"
"I mentioned my DOB 1995-05-15, email penelope.rogers@greenfield.io, phone 212-555-7676, and IP 172.16.14.14.","[DATE/DOB, EMAIL, PHONE, IP]","[PHONE, EMAIL]","[EMAIL, PHONE, DATE/DOB]"
"I said my SSN 550-22-7713, card ending 6601, email christopher.reed@oriondata.io, and name Christopher Reed.","[SSN, CREDIT_CARD, EMAIL, NAME]",[EMAIL],"[EMAIL, CREDIT_CARD, SSN]"
"I told them my phone 415-555-7675, email aurora.cook@bluesky.io, DOB 1992-02-02, and that I live in San Francisco.","[PHONE, EMAIL, DATE/DOB, location]","[PHONE, EMAIL]","[EMAIL, PHONE, DATE/DOB]"
"Earlier I shared my IP 203.0.113.77, email nathan.bailey@vertex.dev, age 31, sex male, and name Nathan Bailey.","[IP, EMAIL, age, sex, NAME]",[EMAIL],[EMAIL]
"I mentioned my SSN 220-66-1188, Mastercard ending 6600, phone 619-555-7674, email paisley@novahealth.org, and DOB 1996-06-16.","[SSN, CREDIT_CARD, PHONE, EMAIL, DATE/DOB]","[PHONE, EMAIL]","[EMAIL, PHONE, CREDIT_CARD, DATE/DOB, SSN]"
"I said I'm Samantha Wood, email samantha.wood@orionlabs.dev, phone 212-555-7673, and that I live in New York.","[NAME, EMAIL, PHONE, location]","[PHONE, EMAIL]","[EMAIL, PHONE]"
"I told them my DOB 1993-09-29, email brody.b@quantum.io, phone 415-555-7672, and IP 10.0.13.13.","[DATE/DOB, EMAIL, PHONE, IP]","[PHONE, EMAIL]","[EMAIL, PHONE, DATE/DOB]"
"Earlier I shared my SSN 333-11-2210, card ending 5599, email naomi.gray@horizon.co, and name Naomi Gray.","[SSN, CREDIT_CARD, EMAIL, NAME]",[EMAIL],"[EMAIL, CREDIT_CARD, SSN]"
"I mentioned my phone 415-555-7671, email cole.flores@apexlogistics.io, DOB 1990-04-24, and that I live in San Francisco.","[PHONE, EMAIL, DATE/DOB, location]","[PHONE, EMAIL]","[EMAIL, PHONE, DATE/DOB]"
"I said my IP 192.168.40.40, email ivy.bennett@greenspark.dev, age 29, sex female, and name Ivy Bennett.","[IP, EMAIL, age, sex, NAME]",[EMAIL],[EMAIL]
"I told support my SSN 550-77-6601, Visa ending 5598, phone 212-555-7670, email miles.r@vertex.ai, and DOB 1994-12-12.","[SSN, CREDIT_CARD, PHONE, EMAIL, DATE/DOB]","[PHONE, EMAIL]","[EMAIL, PHONE, CREDIT_CARD, DATE/DOB, SSN]"
"Earlier I shared my name is Ruby Diaz, my email ruby.diaz@oriondata.co, my phone 646-555-7669, and that I live in Queens.","[NAME, EMAIL, PHONE, location]","[PHONE, EMAIL]","[EMAIL, PHONE]"
"I mentioned my DOB 1989-11-23, email asher.hamilton@sunlight.io, phone 303-555-7668, and IP 203.0.113.76.","[DATE/DOB, EMAIL, PHONE, IP]","[PHONE, EMAIL]","[EMAIL, PHONE, DATE/DOB]"
"I said my SSN 333-10-2200, card ending 5597, email piper.f@aperturelabs.co, and name Piper Fisher.","[SSN, CREDIT_CARD, EMAIL, NAME]",[EMAIL],"[EMAIL, CREDIT_CARD, SSN]"
"I told them my phone 415-555-7667, email eli.butler@novahealth.com, DOB 1990-06-14, and that I live in San Francisco.","[PHONE, EMAIL, DATE/DOB, location]","[PHONE, EMAIL]","[EMAIL, PHONE, DATE/DOB]"
"Earlier I shared my IP 10.0.14.14, email sadie.simmons@orioncloud.ai, age 24, sex female, and name Sadie Simmons.","[IP, EMAIL, age, sex, NAME]",[EMAIL],[EMAIL]
"I mentioned my SSN 550-99-6612, Mastercard ending 5596, phone 617-555-7666, email aaron.foster@vertex.io, and DOB 1993-03-14.","[SSN, CREDIT_CARD, PHONE, EMAIL, DATE/DOB]","[PHONE, EMAIL]","[EMAIL, PHONE, CREDIT_CARD, DATE/DOB, SSN]"
"I said I'm Delilah Bryant, email delilah.bryant@greenspark.org, phone 212-555-7665, and that I live in New York.","[NAME, EMAIL, PHONE, location]","[PHONE, EMAIL]","[EMAIL, PHONE]"
"I told them my DOB 1990-10-01, email connor@quantum.dev, phone 646-555-7664, and IP 172.16.15.15.","[DATE/DOB, EMAIL, PHONE, IP]","[PHONE, EMAIL]","[EMAIL, PHONE, DATE/DOB]"
"Earlier I shared my SSN 333-77-1199, card ending 5595, email kennedy.chavez@apexanalytics.com, and name Kennedy Chavez.","[SSN, CREDIT_CARD, EMAIL, NAME]",[EMAIL],"[EMAIL, CREDIT_CARD, SSN]"
"I mentioned my phone 415-555-7663, email jeremiah.gibson@oriondata.ai, DOB 1990-10-10, and that I live in San Francisco.","[PHONE, EMAIL, DATE/DOB, location]","[PHONE, EMAIL]","[EMAIL, PHONE, DATE/DOB]"
"I said my IP 203.0.113.3, email riley.hansen@horizonmedia.io, age 31, sex male, and name Riley Hansen.","[IP, EMAIL, age, sex, NAME]",[EMAIL],[EMAIL]
"I told support my SSN 220-66-5511, Visa ending 5594, phone 212-555-7662, email grayson.h@blueskytech.com, and DOB 1992-02-02.","[SSN, CREDIT_CARD, PHONE, EMAIL, DATE/DOB]","[PHONE, EMAIL]","[EMAIL, PHONE, CREDIT_CARD, DATE/DOB, SSN]"
"Earlier I shared my name is Madeline Pierce, my email madeline.pierce@aperturelabs.co, my phone 646-555-7661, and that I live in Queens.","[NAME, EMAIL, PHONE, location]","[PHONE, EMAIL]","[EMAIL, PHONE]"
"I mentioned my DOB 1992-01-02, email tyler.stone@vertex.ai, phone 312-555-7660, and IP 10.0.15.15.","[DATE/DOB, EMAIL, PHONE, IP]","[PHONE, EMAIL]","[EMAIL, PHONE, DATE/DOB]"
"I said my SSN 550-11-7714, card ending 5593, email anna.shaw@orioncloud.io, and name Anna Shaw.","[SSN, CREDIT_CARD, EMAIL, NAME]",[EMAIL],"[EMAIL, CREDIT_CARD, SSN]"
"I told them my phone 212-555-7659, email jordan.b@greenspark.dev, DOB 1993-06-13, and that I live in New York.","[PHONE, EMAIL, DATE/DOB, location]","[PHONE, EMAIL]","[EMAIL, PHONE, DATE/DOB]"
"Earlier I shared my IP 192.168.50.50, email katherine.burke@sunlight.io, age 29, sex female, and name Katherine Burke.","[IP, EMAIL, age, sex, NAME]",[EMAIL],[EMAIL]
"I mentioned my SSN 333-66-1108, Mastercard ending 5592, phone 646-555-7658, email j.fox@apexanalytics.io, and DOB 1990-03-20.","[SSN, CREDIT_CARD, PHONE, EMAIL, DATE/DOB]","[PHONE, EMAIL]","[EMAIL, PHONE, CREDIT_CARD, DATE/DOB, SSN]"
"I said I'm Monica Payne, email monica.payne@orionlabs.co, phone 415-555-7657, and that I live in San Francisco.","[NAME, EMAIL, PHONE, location]","[PHONE, EMAIL]","[EMAIL, PHONE]"
"I told them my DOB 1988-08-08, email oliver.hughes@vertex.io, phone 312-555-7656, and IP 172.16.18.18.","[DATE/DOB, EMAIL, PHONE, IP]","[PHONE, EMAIL]","[EMAIL, PHONE, DATE/DOB]"
"Earlier I shared my SSN 220-99-7715, card ending 5591, email nina.patel@greenenergy.org, and name Nina Patel.","[SSN, CREDIT_CARD, EMAIL, NAME]",[EMAIL],"[EMAIL, CREDIT_CARD, SSN]"
"I mentioned my phone 646-555-7655, email kai.n@apexlogistics.com, DOB 1995-04-15, and that I live in Queens.","[PHONE, EMAIL, DATE/DOB, location]","[PHONE, EMAIL]","[EMAIL, PHONE, DATE/DOB]"
"I said my IP 203.0.113.15, email yuki.tanaka@orionlabs.jp, age 31, sex male, and name Yuki Tanaka.","[IP, EMAIL, age, sex, NAME]",[EMAIL],[EMAIL]
"I told support my SSN 550-22-7716, Visa ending 5590, phone 212-555-7654, email amir.rahman@vertex.ai, and DOB 1995-04-04.","[SSN, CREDIT_CARD, PHONE, EMAIL, DATE/DOB]","[PHONE, EMAIL]","[EMAIL, PHONE, CREDIT_CARD, DATE/DOB, SSN]"
"Earlier I shared my name is Leila Farouk, my email leila.farouk@greenspark.io, my phone 415-555-7653, and that I live in San Francisco.","[NAME, EMAIL, PHONE, location]","[PHONE, EMAIL]","[EMAIL, PHONE]"
"I mentioned my DOB 1990-11-11, email tariq.hassan@sunriseenergy.com, phone 212-555-7652, and IP 10.0.16.16.","[DATE/DOB, EMAIL, PHONE, IP]","[PHONE, EMAIL]","[EMAIL, PHONE, DATE/DOB]"
"I said my SSN 333-00-7717, card ending 5589, email daria.volkov@apexanalytics.ru, and name Daria Volkov.","[SSN, CREDIT_CARD, EMAIL, NAME]",[EMAIL],"[EMAIL, CREDIT_CARD, SSN]"
"I told them my phone 212-555-7651, email sergei.petrov@orionlabs.ru, DOB 1992-01-05, and that I live in Moscow.","[PHONE, EMAIL, DATE/DOB, location]","[PHONE, EMAIL]","[EMAIL, PHONE, DATE/DOB]"
"Earlier I shared my IP 192.168.60.60, email marta.k@vertex.ai, age 33, sex female, and name Marta Kowalski.","[IP, EMAIL, age, sex, NAME]",[EMAIL],[EMAIL]